City,Country,Date,Latitude,Temperature(F),Humidity(%),Cloudiness(%),Wind Speed(mph)
Dabhol,IN,2020-01-06,17.6,297.96,66,0,5.72
Atbasar,KZ,2020-01-06,51.81,265.56,96,97,2.71
Rikitea,PF,2020-01-06,-23.12,297.75,76,52,7.17
Punta Arenas,CL,2020-01-06,-53.16,281.15,61,40,5.7
Daoukro,CI,2020-01-06,7.06,291.8,38,0,0.5
Cherskiy,RU,2020-01-06,68.75,249.92,63,1,1.89
Pangnirtung,CA,2020-01-06,66.15,229.71,90,100,0.78
Mataura,NZ,2020-01-06,-46.19,283.15,81,100,10.28
Shieli,KZ,2020-01-06,44.18,272.02,86,100,3.27
Namibe,AO,2020-01-06,-15.19,295.83,87,68,4.55
Norman Wells,CA,2020-01-06,65.28,235.15,73,20,1.5
Tuktoyaktuk,CA,2020-01-06,69.44,242.15,74,20,2.1
Shimoda,JP,2020-01-06,34.7,288.15,65,20,3.6
Hay River,CA,2020-01-06,60.82,248.15,75,75,5.7
Baykit,RU,2020-01-06,61.68,260.12,97,98,1.96
Busselton,AU,2020-01-06,-33.64,305.37,12,23,5.11
Souillac,FR,2020-01-06,45.6,275.15,93,0,1.5
Carnarvon,ZA,2020-01-06,-30.97,288.14,82,69,3.3
Jamestown,AU,2020-01-06,-33.21,296.15,55,82,0.14
Fairbanks,US,2020-01-06,64.84,246.48,67,90,0.96
Georgetown,GY,2020-01-06,6.8,295.15,88,0,2.1
Yellowknife,CA,2020-01-06,62.45,245.37,75,5,2.6
Ponazyrevo,RU,2020-01-06,58.36,265.77,96,84,2.28
Outjo,NA,2020-01-06,-20.11,291.39,73,100,3.82
Albany,US,2020-01-06,42.65,271.15,73,20,4.1
New Norfolk,AU,2020-01-06,-42.78,298.71,55,20,7.2
Yulara,AU,2020-01-06,-25.24,296.15,64,40,7.2
Kapaa,US,2020-01-06,22.08,300.15,74,75,8.7
Hilo,US,2020-01-06,19.71,295.15,83,90,2.1
Seoul,KR,2020-01-06,37.57,278.15,64,90,1.5
Pevek,RU,2020-01-06,69.7,251.32,80,0,1.72
Bluff,AU,2020-01-06,-23.58,305.81,38,74,6.12
Lakselv,NO,2020-01-06,70.05,266.15,78,100,5.7
Alice Springs,AU,2020-01-06,-23.7,295.15,64,75,3.1
Katsuura,JP,2020-01-06,33.93,282.15,54,40,2.6
Lavrentiya,RU,2020-01-06,65.58,249.14,81,0,1.87
Poum,MK,2020-01-06,41.28,268.18,63,0,3.31
Arraial do Cabo,BR,2020-01-06,-22.97,297.64,86,100,1.12
Tiksi,RU,2020-01-06,71.64,248.39,86,3,6.08
Dukat,AL,2020-01-06,40.25,279.82,35,0,0.89
Predivinsk,RU,2020-01-06,57.07,267.7,94,100,2.86
Ust-Tsilma,RU,2020-01-06,65.44,261.95,92,100,3.93
Havre-Saint-Pierre,CA,2020-01-06,50.23,260.15,78,1,3.1
Homer,US,2020-01-06,59.64,266.15,85,90,2.47
Vaini,IN,2020-01-06,15.34,293.15,88,75,2.6
East London,ZA,2020-01-06,-33.02,295.27,77,44,2.41
Hobart,AU,2020-01-06,-42.88,298.71,55,20,7.2
Non Sung,TH,2020-01-06,15.18,300.93,61,0,4.6
Ushuaia,AR,2020-01-06,-54.81,281.15,75,75,11.8
Thompson,CA,2020-01-06,55.74,258.15,92,90,3.6
Tallahassee,US,2020-01-06,30.44,281.48,86,90,1.33
Mar del Plata,AR,2020-01-06,-46.43,286.72,57,64,10.38
Cayenne,GF,2020-01-06,4.94,298.15,88,42,1.5
Hithadhoo,MV,2020-01-06,-0.6,302.22,73,100,5.69
Sept-Iles,CA,2020-01-06,50.2,262.15,61,5,4.6
Lebu,ET,2020-01-06,8.96,285.15,76,20,3.6
Sorong,ID,2020-01-06,-0.86,305.43,56,72,2.35
Cape Town,ZA,2020-01-06,-33.93,290.37,72,40,3.6
Khatanga,RU,2020-01-06,71.98,253.79,98,99,2.54
Kutum,SD,2020-01-06,14.2,283.28,29,0,1.71
Weinan,CN,2020-01-06,34.5,279.82,93,90,2.0
Kalvarija,LT,2020-01-06,54.41,270.37,94,89,5.51
Petropavlovsk-Kamchatskiy,RU,2020-01-06,53.05,273.15,79,75,6.0
Avarua,CK,2020-01-06,-21.21,301.15,88,100,3.1
Waingapu,ID,2020-01-06,-9.65,302.11,77,37,10.0
Jizan,SA,2020-01-06,16.89,297.15,64,20,2.1
Alae,PH,2020-01-06,8.42,300.37,73,78,3.13
Stromness,CA,2020-01-06,42.87,273.71,92,90,4.1
Airai,TL,2020-01-06,-8.93,300.65,53,100,2.22
Itarema,BR,2020-01-06,-2.92,297.68,87,43,1.93
Dikson,RU,2020-01-06,73.51,264.92,94,100,7.2
Flinders,AU,2020-01-06,-34.58,295.93,73,100,5.7
Molokovo,RU,2020-01-06,58.16,269.21,84,6,1.83
Bandarbeyla,SO,2020-01-06,9.49,299.26,77,94,3.04
Guadalupe y Calvo,MX,2020-01-06,26.09,283.02,38,99,2.19
Bilibino,RU,2020-01-06,68.06,248.25,68,0,0.88
Puerto Ayora,EC,2020-01-06,-0.74,297.59,82,0,1.79
Port Hardy,CA,2020-01-06,50.7,275.15,93,75,2.6
Bredasdorp,ZA,2020-01-06,-34.53,291.15,72,100,3.1
Esperance,AU,2020-01-06,-33.86,306.15,16,0,7.7
Brownsville,US,2020-01-06,25.91,289.82,67,40,2.6
Saskylakh,RU,2020-01-06,71.97,246.14,92,100,7.16
Chokurdakh,RU,2020-01-06,70.62,244.05,100,16,0.86
Padang,ID,2020-01-06,-0.92,301.08,55,0,1.22
Barabai,ID,2020-01-06,-2.59,304.3,59,100,1.28
Barrow,AR,2020-01-06,-38.31,289.65,89,100,3.24
Saint George,GR,2020-01-06,39.45,279.15,41,75,5.7
San Policarpo,PH,2020-01-06,12.18,301.08,76,21,6.74
Nishihara,JP,2020-01-06,35.74,287.04,39,20,4.6
Kahului,US,2020-01-06,20.89,298.15,65,20,8.2
Beloha,MG,2020-01-06,-25.17,295.81,85,33,4.83
Butaritari,KI,2020-01-06,3.07,302.6,75,100,7.79
Belaya Gora,RU,2020-01-06,68.54,243.79,85,7,0.23
Bethel,US,2020-01-06,60.79,246.15,68,1,3.1
Port Hedland,AU,2020-01-06,-20.31,309.15,32,40,9.8
Agnibilekrou,CI,2020-01-06,7.13,291.41,43,0,0.91
Hermanus,ZA,2020-01-06,-34.42,290.37,94,100,4.37
Sisimiut,GL,2020-01-06,66.94,252.39,96,100,7.02
Khandyga,RU,2020-01-06,62.65,254.2,96,100,2.05
Carbonia,IT,2020-01-06,39.17,278.15,100,0,2.1
Urucara,BR,2020-01-06,-2.54,299.86,67,63,0.46
Faanui,PF,2020-01-06,-16.48,301.14,72,12,4.93
Inyonga,TZ,2020-01-06,-6.72,290.49,94,100,0.28
Nantucket,US,2020-01-06,41.28,275.15,68,1,2.1
Les Cayes,HT,2020-01-06,18.19,299.99,69,10,3.96
Todos Santos,MX,2020-01-06,23.45,294.26,77,75,1.96
Los Llanos de Aridane,ES,2020-01-06,28.66,291.15,63,40,3.6
Udimskiy,RU,2020-01-06,61.14,261.45,91,0,2.93
Touros,BR,2020-01-06,-5.2,299.15,83,40,2.6
Xacmaz,AZ,2020-01-06,41.46,279.62,86,52,1.97
Dingle,PH,2020-01-06,11.0,299.46,85,97,7.32
Vila,IT,2020-01-06,45.18,277.04,100,0,3.1
Ancud,CL,2020-01-06,-41.87,284.15,81,90,2.1
Baruun-Urt,MN,2020-01-06,46.68,258.96,92,62,3.15
Ukiah,US,2020-01-06,39.15,283.15,87,1,1.5
Vidim,CZ,2020-01-06,50.47,273.71,80,90,3.6
Sao Filipe,CV,2020-01-06,14.9,294.43,67,98,8.9
Iskateley,RU,2020-01-06,67.68,264.6,85,95,6.2
Vostok,RU,2020-01-06,46.45,261.35,87,36,1.37
Simao,CN,2020-01-06,22.76,287.1,97,95,2.03
Marsh Harbour,BS,2020-01-06,26.54,292.76,64,9,7.91
Nara,JP,2020-01-06,34.68,286.48,52,20,1.0
Shenzhen,CN,2020-01-06,22.54,300.37,60,20,8.7
Chingirlau,KZ,2020-01-06,51.09,269.19,96,100,4.15
Castro,CL,2020-01-06,-42.48,284.15,81,90,2.1
Atuona,PF,2020-01-06,-9.8,299.76,78,63,4.79
Adre,TD,2020-01-06,13.47,286.24,26,0,5.44
Moulins,FR,2020-01-06,46.57,274.26,92,0,1.83
Green River,US,2020-01-06,41.53,267.15,85,40,12.3
Nyurba,RU,2020-01-06,63.29,255.54,98,99,1.53
Oistins,BB,2020-01-06,13.07,297.15,94,75,6.7
Riyadh,SA,2020-01-06,24.63,280.15,87,0,1.5
Mahebourg,MU,2020-01-06,-20.41,297.15,94,40,4.6
Longyearbyen,NO,2020-01-06,78.22,255.15,70,20,5.7
Baijiantan,CN,2020-01-06,45.63,261.02,88,0,1.45
Flin Flon,CA,2020-01-06,54.77,250.24,95,44,1.96
Aratos,GR,2020-01-06,41.08,278.15,56,100,8.05
Yar-Sale,RU,2020-01-06,66.83,260.96,89,0,6.53
Qaanaaq,GL,2020-01-06,77.48,241.34,51,74,1.32
Tuatapere,NZ,2020-01-06,-46.13,283.15,81,100,10.28
Upernavik,GL,2020-01-06,72.79,238.46,96,94,6.97
Zabaykalsk,CN,2020-01-06,49.64,260.75,81,100,2.53
Palmer,AU,2020-01-06,-34.85,298.71,38,0,3.17
Togul,RU,2020-01-06,53.47,260.66,86,0,1.24
Severo-Kurilsk,RU,2020-01-06,50.68,270.18,91,99,3.77
Serebryansk,KZ,2020-01-06,49.68,257.62,86,2,0.72
Omboue,GA,2020-01-06,-1.57,297.31,91,99,0.12
Bassila,BJ,2020-01-06,9.0,294.24,38,95,2.13
Port Elizabeth,US,2020-01-06,39.31,276.48,74,1,2.21
Wattegama,LK,2020-01-06,7.35,298.82,69,24,1.27
Pottendorf,AT,2020-01-06,47.91,272.04,79,0,1.0
Puri,ID,2020-01-06,-7.54,302.95,71,33,4.01
Faya,SA,2020-01-06,18.39,287.15,87,20,3.1
Mayumba,GA,2020-01-06,-3.44,300.37,79,12,0.62
Teguldet,RU,2020-01-06,57.31,266.0,94,99,3.77
Torbay,CA,2020-01-06,47.66,273.15,100,90,13.9
Provideniya,RU,2020-01-06,64.42,249.21,72,83,3.62
Saldanha,PT,2020-01-06,41.42,274.47,84,0,0.25
Dharmadam,IN,2020-01-06,11.78,297.15,88,20,1.5
Tasiilaq,GL,2020-01-06,65.61,266.84,90,100,17.37
Ponta do Sol,BR,2020-01-06,-20.63,292.37,96,2,1.0
Ngara,ID,2020-01-06,-8.5,301.36,65,96,3.87
Codo,ES,2020-01-06,41.33,277.15,100,90,3.6
Talnakh,RU,2020-01-06,69.49,266.15,92,40,13.0
Singkang,MY,2020-01-06,2.1,302.15,62,20,3.1
Port Augusta,AU,2020-01-06,-32.49,295.93,69,20,0.45
Ilulissat,GL,2020-01-06,69.22,260.15,65,100,6.7
Tshikapa,CD,2020-01-06,-6.42,293.96,97,100,0.7
Port Alfred,ZA,2020-01-06,-33.59,293.15,93,99,1.4
Cabo San Lucas,MX,2020-01-06,22.89,294.26,77,75,1.38
Biskamzha,RU,2020-01-06,53.45,262.36,86,69,0.21
Otjimbingwe,NA,2020-01-06,-22.35,293.2,29,59,0.21
Turgenevo,RU,2020-01-06,54.84,265.52,94,85,1.32
Bermejo,AR,2020-01-06,-22.73,299.82,77,60,1.26
Acajutiba,BR,2020-01-06,-11.66,296.48,90,100,2.75
Saint-Pierre,FR,2020-01-06,48.95,273.15,94,3,4.1
Isiro,CD,2020-01-06,2.77,291.49,99,100,0.62
Dana Point,US,2020-01-06,33.47,289.15,66,1,2.65
Henties Bay,NA,2020-01-06,-22.12,290.37,89,75,0.89
Fulton,US,2020-01-06,38.85,278.15,69,1,2.1
Mandalgovi,MN,2020-01-06,45.76,259.66,88,78,3.06
Sola,TZ,2020-01-06,-3.17,290.55,91,38,1.58
Oyama,JP,2020-01-06,36.31,290.93,42,40,1.5
Asosa,ET,2020-01-06,10.07,290.68,49,0,3.17
Bambous Virieux,MU,2020-01-06,-20.34,297.15,94,40,4.6
Tahe,CN,2020-01-06,52.34,255.25,90,96,0.96
Le Port,FR,2020-01-06,42.87,279.26,76,0,1.14
Ostersund,SE,2020-01-06,63.18,276.48,85,70,5.7
Gualaquiza,EC,2020-01-06,-3.4,290.12,98,51,0.59
Port Blair,IN,2020-01-06,11.67,300.42,80,0,7.02
Geraldton,CA,2020-01-06,49.72,265.15,85,90,1.0
Nanortalik,GL,2020-01-06,60.14,271.2,71,100,13.2
Isangel,VU,2020-01-06,-19.55,298.8,75,76,4.06
Yining,CN,2020-01-06,29.04,291.47,75,67,0.25
Tilichiki,RU,2020-01-06,60.47,250.52,70,83,3.5
San Quintin,PH,2020-01-06,17.54,301.66,53,0,2.29
Cidreira,BR,2020-01-06,-30.17,296.87,84,0,10.35
Mount Isa,AU,2020-01-06,-20.73,310.15,27,76,3.6
Lafiagi,NG,2020-01-06,8.85,295.99,23,49,0.53
Leningradskiy,RU,2020-01-06,69.38,250.3,65,0,1.66
Varkkallai,IN,2020-01-06,8.73,300.15,88,20,1.0
Kruisfontein,ZA,2020-01-06,-34.0,290.4,87,100,1.34
Nikolskoye,RU,2020-01-06,59.7,269.82,85,100,2.0
Dresden,DE,2020-01-06,51.05,277.04,85,75,3.6
Kieta,PG,2020-01-06,-6.22,303.04,67,0,2.73
Benguela,AO,2020-01-06,-12.58,298.13,88,91,1.18
Sitka,US,2020-01-06,37.17,274.82,53,0,2.97
Bone,DE,2020-01-06,51.97,278.15,86,90,3.6
Three Hills,CA,2020-01-06,51.7,269.26,62,90,3.1
Vila Franca do Campo,PT,2020-01-06,37.72,291.15,93,75,6.7
Pervoye Maya,KG,2020-01-06,40.63,274.82,66,100,5.81
Quatre Cocos,MU,2020-01-06,-20.21,297.15,94,40,4.6
Monrovia,LR,2020-01-06,6.33,293.15,88,20,1.5
Altamont,CA,2020-01-06,49.4,269.15,73,1,2.6
Tarifa,ES,2020-01-06,36.01,288.15,81,84,3.6
Freeport,BS,2020-01-06,26.54,292.77,64,1,7.06
Brae,GB,2020-01-06,60.4,283.15,93,100,8.2
Mapiri,BO,2020-01-06,-15.31,292.57,96,100,0.1
Gangavalli,IN,2020-01-06,11.5,296.03,84,17,0.99
Kaitong,CN,2020-01-06,44.81,267.07,89,100,2.52
Aklavik,CA,2020-01-06,68.22,246.15,68,90,1.0
Northam,AU,2020-01-06,-31.65,305.15,17,0,2.6
Russell,US,2020-01-06,38.9,276.15,44,1,2.1
Husavik,CA,2020-01-06,50.56,263.15,84,0,3.48
Moindou,NC,2020-01-06,-21.69,305.15,49,75,5.7
Hasaki,JP,2020-01-06,35.73,283.15,42,20,6.2
Nador,MA,2020-01-06,35.17,287.15,71,90,2.6
Pangkalanbuun,ID,2020-01-06,-2.68,305.0,59,99,1.31
Saint Pete Beach,US,2020-01-06,27.73,286.15,71,40,1.5
Constitucion,MX,2020-01-06,23.99,286.15,22,20,2.6
Kidal,ML,2020-01-06,18.44,284.77,27,0,5.27
Luderitz,NA,2020-01-06,-26.65,290.33,85,0,9.28
Paray-le-Monial,FR,2020-01-06,46.45,272.59,92,8,1.84
Winona,CA,2020-01-06,43.21,273.71,92,90,4.1
Maymyo,MM,2020-01-06,22.03,293.15,88,75,2.6
Maryborough,AU,2020-01-06,-25.54,303.52,46,100,3.78
Ghogha,IN,2020-01-06,21.69,294.26,53,0,6.69
Ostrovnoy,RU,2020-01-06,68.05,262.48,84,94,7.03
Tessalit,ML,2020-01-06,20.2,284.28,28,3,5.49
Cairns,AU,2020-01-06,-16.92,305.37,66,40,3.6
Gwadar,PK,2020-01-06,25.12,296.04,69,64,5.54
Saint-Philippe,CA,2020-01-06,45.36,266.48,66,90,2.6
Kathu,ZA,2020-01-06,-27.7,297.45,15,0,2.43
Narsaq,GL,2020-01-06,60.91,265.15,78,100,1.44
Caceres,CO,2020-01-06,5.53,293.11,96,86,1.16
Fengrun,CN,2020-01-06,39.83,274.82,55,40,1.44
Maceio,BR,2020-01-06,-9.67,297.15,88,100,1.0
Westport,US,2020-01-06,41.14,275.93,50,1,2.1
Verkhniy Landekh,RU,2020-01-06,56.84,266.47,97,80,1.65
Prince Rupert,CA,2020-01-06,54.32,276.15,66,20,3.6
Kambove,CD,2020-01-06,-10.88,290.5,94,100,0.76
Durazno,UY,2020-01-06,-33.38,295.41,63,33,6.14
Samarai,PG,2020-01-06,-10.62,303.65,65,19,3.62
Okhotsk,RU,2020-01-06,59.36,258.36,79,0,4.08
Savannah Bight,HN,2020-01-06,16.45,299.53,77,95,3.7
Ulaanbaatar,MN,2020-01-06,47.92,251.15,83,0,1.0
Jalu,LY,2020-01-06,29.03,283.05,63,0,7.33
Sharjah,AE,2020-01-06,25.36,294.15,77,40,3.6
Mathbaria,BD,2020-01-06,22.29,292.17,55,0,4.06
Kiruna,SE,2020-01-06,67.86,265.15,85,100,2.1
Fort Nelson,CA,2020-01-06,58.81,250.15,69,75,3.6
Kokino,MK,2020-01-06,42.26,275.15,51,75,5.1
Havelock,US,2020-01-06,34.88,277.59,72,1,1.63
Pontianak,ID,2020-01-06,-0.02,301.15,78,75,2.1
Avera,US,2020-01-06,33.19,280.93,75,1,3.34
Wukari,NG,2020-01-06,7.87,292.61,32,100,2.18
Grindavik,IS,2020-01-06,63.84,275.15,100,90,10.3
Leh,IN,2020-01-06,34.16,257.47,79,100,1.65
Bokovskaya,RU,2020-01-06,49.23,274.22,96,100,1.54
Vardo,US,2020-01-06,39.62,273.71,92,1,1.5
Moshi,TZ,2020-01-06,-3.36,295.15,88,20,4.6
Trogir,HR,2020-01-06,43.52,275.15,43,31,4.6
Namatanai,PG,2020-01-06,-3.66,303.06,71,87,4.0
Athabasca,CA,2020-01-06,54.72,269.6,81,100,3.46
Malm,NO,2020-01-06,64.07,280.93,100,90,6.2
Bahir Dar,ET,2020-01-06,11.59,288.28,77,10,1.2
Coquimbo,CL,2020-01-06,-29.95,290.15,72,0,1.0
Kavieng,PG,2020-01-06,-2.57,303.01,69,29,3.64
Malatya,TR,2020-01-06,38.35,272.15,92,75,3.1
Henderson,US,2020-01-06,36.04,284.15,48,1,1.5
Vila Velha,BR,2020-01-06,-3.71,303.15,74,75,3.6
George,MW,2020-01-06,-15.35,293.99,94,81,0.97
Ribeira Grande,PT,2020-01-06,38.52,288.73,93,100,7.47
Polunochnoye,RU,2020-01-06,60.87,263.76,88,2,2.24
Victoria,BN,2020-01-06,5.28,303.15,66,75,1.5
Germersheim,DE,2020-01-06,49.22,275.37,100,90,1.0
Mlandizi,TZ,2020-01-06,-6.71,299.15,88,20,3.1
Diapaga,BF,2020-01-06,12.07,291.1,28,67,3.26
Tongling,CN,2020-01-06,30.93,284.62,93,100,1.5
Binzhou,CN,2020-01-06,37.38,277.59,96,100,2.71
Sioux Lookout,CA,2020-01-06,50.1,266.15,67,90,8.2
Cap Malheureux,MU,2020-01-06,-19.98,297.15,94,40,4.6
Labuhan,ID,2020-01-06,-2.54,304.3,59,100,1.28
Alofi,NU,2020-01-06,-19.06,299.15,100,3,4.1
Turochak,RU,2020-01-06,52.26,261.54,81,0,1.42
San Patricio,PY,2020-01-06,-26.98,299.04,53,0,3.78
Manzanillo,MX,2020-01-06,19.05,298.15,83,5,2.6
Isabela,PH,2020-01-06,10.2,298.81,77,86,6.03
Banjar,ID,2020-01-06,-7.37,303.99,66,81,0.25
Komsomolskiy,RU,2020-01-06,67.55,260.43,94,100,7.59
Bijie,CN,2020-01-06,27.3,278.8,93,100,2.67
Madingou,CG,2020-01-06,-4.17,295.03,96,72,0.49
Fengcheng,CN,2020-01-06,40.45,270.21,85,100,0.85
Tabou,CI,2020-01-06,4.42,293.45,82,0,1.54
Waddan,LY,2020-01-06,29.16,282.87,64,26,7.16
Belyy Yar,RU,2020-01-06,53.6,267.15,73,10,2.0
Benghazi,LY,2020-01-06,32.12,286.26,64,100,12.71
Kimbe,PG,2020-01-06,-5.56,302.92,74,34,2.34
Port Lincoln,AU,2020-01-06,-34.72,293.18,54,2,4.57
Tura,RU,2020-01-06,64.27,261.87,89,100,2.88
Kaihua,CN,2020-01-06,29.14,291.4,74,4,0.67
Oranjemund,ZA,2020-01-06,-28.55,288.15,93,12,2.19
La Palma,CO,2020-01-06,5.36,293.11,96,86,1.16
College,US,2020-01-06,64.86,245.93,67,90,0.79
Hailar,CN,2020-01-06,49.2,264.66,95,100,1.85
Ryotsu,JP,2020-01-06,38.08,281.15,49,100,4.1
Alta Gracia,AR,2020-01-06,-31.66,293.15,72,40,11.8
Ahipara,NZ,2020-01-06,-35.17,295.93,72,3,1.34
Kodiak,US,2020-01-06,39.95,275.93,59,1,2.1
Clyde River,CA,2020-01-06,70.47,234.15,52,1,8.7
Ladario,PT,2020-01-06,40.7,276.48,81,0,0.89
Bhairab Bazar,BD,2020-01-06,24.06,290.15,100,40,3.57
Klaksvik,FO,2020-01-06,62.23,282.15,100,100,8.7
Grand-Lahou,CI,2020-01-06,5.24,300.17,61,0,2.73
Worthington,US,2020-01-06,43.62,270.15,92,1,3.1
Apac,UG,2020-01-06,1.98,292.23,81,71,1.32
Huilong,CN,2020-01-06,31.15,281.99,82,100,1.37
Fortuna,US,2020-01-06,40.6,281.15,87,1,1.5
Borgarnes,IS,2020-01-06,64.54,275.15,80,90,5.1
Bonavista,CA,2020-01-06,48.65,272.27,96,100,17.9
Ous,RU,2020-01-06,60.91,264.14,90,12,2.92
Dicabisagan,PH,2020-01-06,17.08,298.85,72,5,3.77
Napier,NZ,2020-01-06,-39.49,294.26,41,44,4.92
Fayetteville,US,2020-01-06,36.06,278.15,80,1,1.22
Noumea,NC,2020-01-06,-22.28,305.15,49,75,5.7
Half Moon Bay,US,2020-01-06,37.46,285.37,87,20,4.6
Lufilufi,WS,2020-01-06,-13.87,305.15,70,75,5.1
Hanmer Springs,NZ,2020-01-06,-42.52,285.89,38,9,11.43
San Carlos de Bariloche,AR,2020-01-06,-41.13,282.15,57,40,9.3
Lagoa,PT,2020-01-06,37.14,284.15,76,0,4.1
Hirara,JP,2020-01-06,24.8,297.15,60,75,6.2
Narsimhapur,IN,2020-01-06,17.14,293.37,73,39,6.34
Kaitangata,NZ,2020-01-06,-46.28,284.82,65,100,7.6
Barra,GM,2020-01-06,13.49,292.15,45,5,2.6
Maragogi,BR,2020-01-06,-9.01,299.83,78,100,3.85
Milkovo,BG,2020-01-06,41.53,279.26,80,90,4.1
Lincoln,GB,2020-01-06,53.23,281.15,93,0,6.7
Beringovskiy,RU,2020-01-06,63.05,251.88,80,94,7.17
Gambela,ET,2020-01-06,8.25,294.89,60,0,0.84
Uxbridge,CA,2020-01-06,44.11,273.71,92,90,4.1
Polyarnyy,RU,2020-01-06,69.2,254.15,84,100,4.16
Porto Torres,IT,2020-01-06,40.84,276.15,93,0,1.0
Portland,US,2020-01-06,43.66,269.26,58,1,1.5
Tibiri,NE,2020-01-06,13.57,288.35,27,67,5.0
Angoche,MZ,2020-01-06,-16.23,297.79,90,99,1.06
Wilmington,US,2020-01-06,39.75,275.37,59,40,1.5
Ust-Kuyga,RU,2020-01-06,70.0,241.32,88,0,3.61
Susuman,RU,2020-01-06,62.78,247.34,100,95,0.99
Honiara,SB,2020-01-06,-9.43,305.15,79,40,4.6
Pochutla,MX,2020-01-06,15.74,300.15,69,5,3.1
Jiuquan,CN,2020-01-06,39.73,265.29,56,100,1.38
Montrose,GB,2020-01-06,56.71,283.15,81,75,6.2
Dobson,NZ,2020-01-06,-42.45,284.1,64,72,6.49
Pisco,PE,2020-01-06,-13.71,294.15,83,65,7.2
Plettenberg Bay,ZA,2020-01-06,-34.05,292.02,89,99,1.76
Mendi,ET,2020-01-06,9.8,287.14,61,0,0.44
Darab,IR,2020-01-06,28.75,279.26,86,0,1.22
Sayyan,YE,2020-01-06,15.17,284.17,79,0,0.71
Neuquen,AR,2020-01-06,-38.95,292.15,37,0,7.2
Roswell,US,2020-01-06,33.39,282.59,42,1,4.1
Tonaya,MX,2020-01-06,19.79,289.12,36,0,1.54
Srednekolymsk,RU,2020-01-06,67.46,249.34,84,28,1.52
Rundu,NA,2020-01-06,-17.91,291.94,95,100,1.33
Chuy,UY,2020-01-06,-33.69,294.01,85,0,5.29
La Rioja,AR,2020-01-06,-29.41,296.56,47,6,10.74
Rocha,UY,2020-01-06,-34.48,291.22,82,0,4.79
Lasa,CY,2020-01-06,34.92,288.15,82,75,8.7
Bontang,ID,2020-01-06,0.12,300.22,78,100,6.2
Ganzhou,CN,2020-01-06,25.86,296.76,52,61,3.65
Iqaluit,CA,2020-01-06,63.75,246.15,62,90,6.2
Price,US,2020-01-06,39.6,270.37,85,1,3.26
Mirandopolis,BR,2020-01-06,-21.13,295.49,87,4,2.41
Pak Phanang,TH,2020-01-06,8.35,301.15,78,20,1.5
Nogliki,RU,2020-01-06,51.8,269.28,94,100,9.09
Springdale,US,2020-01-06,36.19,278.15,74,1,1.22
Vestmannaeyjar,IS,2020-01-06,63.44,280.81,91,100,12.73
Unity,CA,2020-01-06,52.44,265.37,83,39,6.71
Porto Nacional,BR,2020-01-06,-10.7,297.15,94,75,1.07
Litovko,RU,2020-01-06,49.24,257.51,84,0,0.96
Dali,CN,2020-01-06,34.79,275.32,94,100,1.87
Naliya,IN,2020-01-06,23.26,291.19,40,0,2.56
Kon Tum,VN,2020-01-06,14.36,298.44,50,0,0.66
Svetlaya,RU,2020-01-06,46.54,268.59,55,0,4.89
Boueni,YT,2020-01-06,-12.9,301.15,83,100,2.1
Weyburn,CA,2020-01-06,49.67,265.37,84,0,1.34
Coihaique,CL,2020-01-06,-45.58,284.15,66,75,2.1
Mogadouro,PT,2020-01-06,41.34,274.47,84,0,0.25
Pundaguitan,PH,2020-01-06,6.37,299.63,77,46,3.26
Araouane,ML,2020-01-06,18.9,286.12,22,0,4.64
Osa,RU,2020-01-06,57.28,269.18,94,100,2.62
Sheridan,US,2020-01-06,39.65,273.15,68,1,2.6
Dakar,SN,2020-01-06,14.69,294.15,34,0,5.7
Salalah,OM,2020-01-06,17.01,297.15,78,75,1.5
Dagda,LV,2020-01-06,56.09,271.14,68,100,3.76
Te Anau,NZ,2020-01-06,-45.41,279.56,77,60,5.33
Itoman,JP,2020-01-06,26.12,295.15,56,20,5.1
Panalingaan,PH,2020-01-06,8.78,301.13,73,100,4.59
Martan-Chu,RU,2020-01-06,43.06,269.15,92,75,2.0
Damghan,IR,2020-01-06,36.17,273.58,79,0,1.23
Shingu,JP,2020-01-06,33.72,282.15,39,20,2.1
Nadvoitsy,RU,2020-01-06,63.89,266.52,78,77,4.37
Nome,US,2020-01-06,30.04,289.82,82,1,2.6
Kavaratti,IN,2020-01-06,10.57,301.15,65,20,3.22
Catuday,PH,2020-01-06,16.29,299.26,71,0,6.54
San Cristobal,HN,2020-01-06,14.68,288.12,98,72,2.08
Dickinson,US,2020-01-06,46.88,270.15,68,1,4.6
Praia da Vitoria,PT,2020-01-06,38.73,291.15,82,75,9.02
Nuuk,GL,2020-01-06,64.17,258.15,84,100,11.3
Tigil,RU,2020-01-06,57.8,259.52,73,0,1.14
Pankrushikha,RU,2020-01-06,53.83,262.23,96,94,3.46
Guerrero Negro,MX,2020-01-06,27.97,290.4,50,83,3.2
Tyukhtet,RU,2020-01-06,56.54,266.21,93,98,3.81
Zhigansk,RU,2020-01-06,66.77,248.89,94,99,7.45
Berlevag,NO,2020-01-06,70.86,269.42,75,100,6.77
Naze,NG,2020-01-06,5.43,295.51,67,2,0.37
Derzhavinsk,KZ,2020-01-06,51.1,262.76,95,76,2.74
Kamina,CD,2020-01-06,-8.74,290.58,97,100,1.42
Suez,EG,2020-01-06,29.97,281.8,61,0,1.72
Oussouye,SN,2020-01-06,12.49,290.29,16,0,3.31
Machico,PT,2020-01-06,32.7,289.15,72,40,2.1
Huarmey,PE,2020-01-06,-10.07,293.49,79,38,0.96
Correntina,BR,2020-01-06,-13.34,293.17,98,57,0.46
Tondano,ID,2020-01-06,1.3,305.15,62,40,3.1
Yerbogachen,RU,2020-01-06,61.28,261.42,92,100,5.09
Bud,NO,2020-01-06,62.91,282.15,93,100,3.1
Anito,PH,2020-01-06,12.45,300.61,81,88,8.81
Mutsu,JP,2020-01-06,41.29,276.15,50,40,9.8
Porto Murtinho,BR,2020-01-06,-21.7,300.01,40,0,1.95
Lucapa,AO,2020-01-06,-8.42,292.36,98,100,1.15
Laguna,BZ,2020-01-06,16.17,296.15,73,75,3.1
Koumac,NC,2020-01-06,-20.56,300.73,57,61,1.35
Nyagan,RU,2020-01-06,62.14,263.06,93,61,3.24
Galveston,US,2020-01-06,40.58,278.15,74,90,11.3
Adrar,DZ,2020-01-06,27.87,278.15,44,0,5.1
Nusaybin,TR,2020-01-06,37.08,277.15,100,75,2.9
Ozark,US,2020-01-06,37.02,278.71,56,5,2.7
Lydenburg,ZA,2020-01-06,-25.1,288.97,89,16,1.53
Madras,US,2020-01-06,44.63,276.48,74,1,4.1
Desenzano del Garda,IT,2020-01-06,45.47,278.15,86,0,3.1
The Valley,AI,2020-01-06,18.22,299.15,74,20,3.6
Pangai,TO,2020-01-06,-19.8,302.15,70,20,5.1
Bumba,CD,2020-01-06,2.18,295.35,66,100,0.98
Buenos Aires,AR,2020-01-06,-34.61,298.15,83,90,5.1
Hervey Bay,AU,2020-01-06,-25.3,302.59,58,40,5.1
Aginskoye,RU,2020-01-06,51.11,261.54,81,97,3.38
Mishan,CN,2020-01-06,45.55,262.46,85,56,1.31
Rochegda,RU,2020-01-06,62.67,260.75,94,0,2.05
Harlingen,NL,2020-01-06,53.18,281.15,100,90,5.7
Minnedosa,CA,2020-01-06,50.25,265.15,78,5,5.1
Caibarien,CU,2020-01-06,22.52,291.15,77,76,2.1
Gat,SN,2020-01-06,14.69,291.15,34,0,5.7
Burnie,AU,2020-01-06,-41.05,293.71,41,0,4.92
Bereda,ES,2020-01-06,43.27,278.15,100,90,2.1
Richards Bay,ZA,2020-01-06,-28.77,299.07,89,67,6.67
Kouango,CF,2020-01-06,4.99,293.98,48,100,0.2
Mehamn,NO,2020-01-06,71.03,264.7,81,100,3.81
Belmonte,PT,2020-01-06,40.36,275.37,84,0,0.28
Telsiai,LT,2020-01-06,55.98,273.91,96,100,8.03
Shahr-e Babak,IR,2020-01-06,30.12,274.76,88,0,0.58
Susangerd,IR,2020-01-06,31.56,279.15,87,0,1.0
Parrsboro,CA,2020-01-06,45.41,270.15,73,90,5.7
Bahia de Caraquez,EC,2020-01-06,-0.6,298.15,88,75,1.0
Loreto,PY,2020-01-06,-23.27,299.16,51,0,3.0
Bima,ID,2020-01-06,-8.45,303.49,61,79,1.57
Curup,ID,2020-01-06,-3.47,300.34,66,53,0.53
Ife,NG,2020-01-06,7.48,297.15,38,95,2.6
Dunedin,NZ,2020-01-06,-45.87,286.48,50,70,18.78
Atar,MR,2020-01-06,20.52,284.16,27,0,3.37
Galatini,GR,2020-01-06,40.32,275.93,58,0,5.7
Khani,GE,2020-01-06,41.96,273.15,50,0,2.1
Mount Pleasant,US,2020-01-06,33.16,284.82,57,1,1.88
Kudahuvadhoo,MV,2020-01-06,2.67,301.2,78,100,5.11
Jerome,US,2020-01-06,34.75,280.37,47,1,2.07
Saquarema,BR,2020-01-06,-22.93,298.15,88,75,2.6
Gombe,NG,2020-01-06,10.28,289.52,34,95,4.64
Porto Novo,BR,2020-01-06,-23.68,293.15,94,75,1.5
Martapura,ID,2020-01-06,-3.41,302.15,79,40,1.0
Guarapari,BR,2020-01-06,-20.67,299.15,94,75,2.1
Trat,TH,2020-01-06,12.25,304.82,69,0,1.0
Whitehorse,CA,2020-01-06,60.72,255.15,77,90,5.7
Plouzane,FR,2020-01-06,48.38,279.15,93,90,4.6
Roald,NO,2020-01-06,62.58,282.15,87,100,5.7
Mareeba,AU,2020-01-06,-16.99,305.37,66,40,3.6
Goderich,CA,2020-01-06,43.74,273.15,91,100,5.36
Imbituba,BR,2020-01-06,-28.24,297.15,88,40,1.0
Skrunda,LV,2020-01-06,56.68,278.15,100,100,9.3
Yarada,IN,2020-01-06,17.65,297.15,69,20,4.6
Ko Samui,TH,2020-01-06,9.54,302.15,70,20,3.1
Codrington,AU,2020-01-06,-28.95,305.15,45,40,4.6
Dubbo,AU,2020-01-06,-32.25,308.15,24,100,6.7
Gossaigaon,IN,2020-01-06,26.45,287.54,60,19,3.26
Talara,PE,2020-01-06,-4.58,295.24,90,0,4.1
Kishi,NG,2020-01-06,9.08,293.65,30,33,1.07
Lorengau,PG,2020-01-06,-2.02,302.79,69,68,3.83
Koshurnikovo,RU,2020-01-06,54.3,263.11,99,98,1.57
Sarab,IR,2020-01-06,38.61,270.59,65,81,0.36
Mandeville,US,2020-01-06,30.36,286.15,87,1,1.44
Villach,AT,2020-01-06,46.62,273.15,85,0,1.0
Palu,ID,2020-01-06,-0.9,294.16,97,100,0.59
North Platte,US,2020-01-06,41.12,272.04,72,64,3.37
Ambulu,ID,2020-01-06,-8.35,301.32,77,85,4.74
Karratha,AU,2020-01-06,-20.74,303.98,64,100,3.12
Manggar,ID,2020-01-06,-2.88,301.32,80,86,7.33
Port Shepstone,ZA,2020-01-06,-30.74,295.18,98,100,1.77
Nabire,ID,2020-01-06,-3.36,304.8,58,86,1.97
Alta Floresta,BR,2020-01-06,-9.87,293.31,98,100,0.91
Ossora,RU,2020-01-06,59.24,259.9,97,100,2.46
Misratah,LY,2020-01-06,32.38,288.49,58,0,13.82
Kailua,US,2020-01-06,21.39,300.93,65,90,4.6
Tateyama,JP,2020-01-06,36.66,282.04,52,40,2.6
Mildura,AU,2020-01-06,-34.18,293.71,68,100,4.6
Ixtepec,MX,2020-01-06,20.03,284.74,95,99,0.09
Olean,US,2020-01-06,42.08,271.48,85,90,2.6
Mumbwa,ZM,2020-01-06,-14.99,291.7,94,100,3.11
Hamilton,CA,2020-01-06,43.26,273.71,92,90,5.7
Paita,PE,2020-01-06,-5.09,297.19,71,0,2.42
Manta,RO,2020-01-06,45.1,271.07,58,0,0.77
Ankang,CN,2020-01-06,32.73,275.12,97,100,0.81
Ambilobe,MG,2020-01-06,-13.19,298.11,90,100,1.55
Erzin,TR,2020-01-06,36.95,281.15,61,75,2.6
Kargasok,RU,2020-01-06,59.06,260.45,94,89,4.78
Hami,CN,2020-01-06,42.84,268.07,38,99,0.52
Hendersonville,US,2020-01-06,36.3,281.48,91,1,3.38
Megion,RU,2020-01-06,61.04,269.15,92,90,7.0
Udachnyy,RU,2020-01-06,66.42,255.15,84,90,3.0
La Sarre,CA,2020-01-06,48.8,257.2,96,100,2.0
Mount Gambier,AU,2020-01-06,-37.83,295.15,46,0,6.7
Fare,PF,2020-01-06,-16.7,301.19,73,49,4.85
General Roca,AR,2020-01-06,-39.03,292.15,37,0,7.2
Deputatskiy,RU,2020-01-06,69.3,245.41,76,85,0.33
Kirakira,SB,2020-01-06,-10.46,301.99,74,97,5.44
Meulaboh,ID,2020-01-06,4.14,300.15,76,29,2.58
Gravdal,NO,2020-01-06,59.79,282.04,93,100,5.7
Murindo,CO,2020-01-06,6.98,294.32,98,74,0.47
Jumla,NP,2020-01-06,29.28,273.86,30,3,1.13
Bara,NG,2020-01-06,10.41,288.6,39,71,2.62
North Myrtle Beach,US,2020-01-06,33.83,281.15,93,1,2.57
Moorhead,US,2020-01-06,46.87,270.15,62,1,4.6
Bonthe,SL,2020-01-06,7.53,297.35,72,0,1.86
Japura,ID,2020-01-06,-0.42,302.48,64,54,1.91
Farafangana,MG,2020-01-06,-22.82,299.23,75,28,1.36
Bonfim,GY,2020-01-06,3.36,300.57,42,4,6.71
Inhuma,BR,2020-01-06,-6.67,294.43,88,46,1.13
Margate,AU,2020-01-06,-43.03,298.15,55,20,7.7
Boguchany,RU,2020-01-06,58.38,265.92,95,93,1.98
Krutaya Gorka,RU,2020-01-06,55.36,269.15,85,75,6.0
Saint Anthony,US,2020-01-06,43.97,270.15,85,90,4.1
Puerto El Triunfo,SV,2020-01-06,13.27,300.15,47,0,6.2
Lloret de Mar,ES,2020-01-06,41.7,282.59,73,3,7.27
Bathsheba,BB,2020-01-06,13.22,297.15,94,75,6.7
Paamiut,GL,2020-01-06,61.99,262.2,95,100,15.37
Altay,CN,2020-01-06,47.83,264.28,49,92,2.15
Queimadas,BR,2020-01-06,-7.36,297.15,83,75,6.2
Marawi,PH,2020-01-06,8.0,300.37,73,7,3.13
